current_time,epoch,step,train_loss
1771865088.0,0,4,2.11295747756958
1771865216.0,0,9,2.164116621017456
1771865216.0,0,14,2.061305046081543
